[
  {
    "id": "20260107013651",
    "category": "flood",
    "severity": "High",
    "province": "Eastern",
    "district": "Batticaloa",
    "damage_type": "Flooding",
    "address": "",
    "lat": null,
    "lon": null,
    "description": "There is heavy flooding in urani area",
    "people_impacted": 4,
    "injuries": 3,
    "reported_by": "",
    "incident_datetime": "2026-01-07T01:36",
    "created_at": "2026-01-07T01:36:51",
    "status": "Rejected",
    "assigned_to": "",
    "team": "",
    "eta": "",
    "notes": "",
    "history": [
      {
        "ts": "2026-01-07T01:36:51",
        "action": "created",
        "by": "anonymous"
      },
      {
        "ts": "2026-01-07T01:44:21",
        "action": "rejected",
        "by": "admin",
        "note": ""
      }
    ],
    "toxicity_score": 0.001,
    "toxicity_decision": "approved",
    "images": [
      "data\\images\\20260107_013654_96a22a55335c4c78a2f6454913a61adf.jpg"
    ],
    "image_path": "data\\images\\20260107_013654_96a22a55335c4c78a2f6454913a61adf.jpg"
  },
  {
    "id": "20260107013656",
    "category": "flood",
    "severity": "High",
    "province": "Eastern",
    "district": "Batticaloa",
    "damage_type": "Flooding",
    "address": "",
    "lat": null,
    "lon": null,
    "description": "There is heavy flooding in urani area",
    "people_impacted": 4,
    "injuries": 3,
    "reported_by": "",
    "incident_datetime": "2026-01-07T01:36",
    "created_at": "2026-01-07T01:36:56",
    "status": "In Review",
    "assigned_to": "",
    "team": "",
    "eta": "",
    "notes": "",
    "history": [
      {
        "ts": "2026-01-07T01:36:56",
        "action": "created",
        "by": "anonymous"
      },
      {
        "ts": "2026-01-07T01:39:04",
        "action": "approved",
        "by": "admin",
        "note": ""
      }
    ],
    "toxicity_score": 0.002,
    "toxicity_decision": "approved",
    "images": [
      "data\\images\\20260107_013658_5fab90f0263647c2ba6888744e1aaf43.jpg"
    ],
    "image_path": "data\\images\\20260107_013658_5fab90f0263647c2ba6888744e1aaf43.jpg"
  },
  {
    "id": "20260107014120",
    "category": "landslide",
    "severity": "High",
    "province": "Central",
    "district": "Nuwara Eliya",
    "damage_type": "Road blocked",
    "address": "",
    "lat": null,
    "lon": null,
    "description": "Road blocked due to muds and heavy landslides",
    "people_impacted": 20,
    "injuries": 5,
    "reported_by": "Shashi",
    "incident_datetime": "2026-01-07T01:40",
    "created_at": "2026-01-07T01:41:20",
    "status": "New",
    "assigned_to": "",
    "team": "",
    "eta": "",
    "notes": "",
    "history": [
      {
        "ts": "2026-01-07T01:41:20",
        "action": "created",
        "by": "Shashi"
      }
    ],
    "toxicity_score": null,
    "toxicity_decision": "accepted",
    "images": [
      "data\\images\\20260107_014126_f8e1096f56f043ad8d3a2da9c08501ac.jpg"
    ],
    "image_path": "data\\images\\20260107_014126_f8e1096f56f043ad8d3a2da9c08501ac.jpg"
  },
  {
    "id": "20260107014329",
    "category": "tsunami",
    "severity": "Critical",
    "province": "Southern",
    "district": "Galle",
    "damage_type": "Flooding",
    "address": "",
    "lat": null,
    "lon": null,
    "description": "Huge tsunami wave detected as a result of an earth quake",
    "people_impacted": 1000,
    "injuries": 100,
    "reported_by": "Raj",
    "incident_datetime": "2026-01-07T01:42",
    "created_at": "2026-01-07T01:43:29",
    "status": "In Review",
    "assigned_to": "",
    "team": "",
    "eta": "",
    "notes": "",
    "history": [
      {
        "ts": "2026-01-07T01:43:29",
        "action": "created",
        "by": "Raj"
      },
      {
        "ts": "2026-01-07T01:43:51",
        "action": "approved",
        "by": "admin",
        "note": ""
      }
    ],
    "toxicity_score": 0.001,
    "toxicity_decision": "approved",
    "images": [
      "data\\images\\20260107_014332_cd8efa4328dd439cb96141a499079aaa.jpg"
    ],
    "image_path": "data\\images\\20260107_014332_cd8efa4328dd439cb96141a499079aaa.jpg"
  },
  {
    "id": "20260107014626",
    "category": "wind",
    "severity": "Medium",
    "province": "North Central",
    "district": "Anuradhapura",
    "damage_type": "Power outage",
    "address": "",
    "lat": null,
    "lon": null,
    "description": "Heavy winds causing damage to property",
    "people_impacted": 20,
    "injuries": 1,
    "reported_by": "",
    "incident_datetime": "2026-01-05T13:00",
    "created_at": "2026-01-07T01:46:26",
    "status": "In Review",
    "assigned_to": "",
    "team": "",
    "eta": "",
    "notes": "",
    "history": [
      {
        "ts": "2026-01-07T01:46:26",
        "action": "created",
        "by": "anonymous"
      },
      {
        "ts": "2026-01-07T01:46:53",
        "action": "approved",
        "by": "admin",
        "note": ""
      }
    ],
    "toxicity_score": 0.014,
    "toxicity_decision": "approved",
    "images": [],
    "image_path": null
  },
  {
    "id": "20260107020049",
    "category": "rain",
    "severity": "High",
    "province": "Uva",
    "district": "Badulla",
    "damage_type": "Flooding",
    "address": "",
    "lat": null,
    "lon": null,
    "description": "there is heavy flooding due to rains in this region",
    "people_impacted": 0,
    "injuries": 0,
    "reported_by": "",
    "incident_datetime": "2026-01-07T01:59",
    "created_at": "2026-01-07T02:00:49",
    "status": "New",
    "assigned_to": "",
    "team": "",
    "eta": "",
    "notes": "",
    "history": [
      {
        "ts": "2026-01-07T02:00:49",
        "action": "created",
        "by": "anonymous"
      }
    ],
    "toxicity_score": 0.001,
    "toxicity_decision": "approved",
    "images": [
      "data\\images\\20260107_020051_6ccc41bb65474018864454193a768f5f.jpg"
    ],
    "image_path": "data\\images\\20260107_020051_6ccc41bb65474018864454193a768f5f.jpg"
  }
]